"region","lon","lat"
"HUMACAO","-65.44178","18.14372"
"SAN JUAN","-66.06287","18.31255"
"BAYAMON","-66.21927","18.36274"
"CAGUAS","-66.01383","18.23615"
"ARECIBO","-66.74019","18.46253"
"PONCE","-66.60992","18.00463"
"SAN JUAN","-66.11357","18.46764"
"BAYAMON","-66.31734","18.34198"
"CAGUAS","-66.05327","17.98963"
"CAGUAS","-66.16153","17.95553"
"BAYAMON","-66.21538","18.3609"
"BAYAMON","-66.25288","18.43998"
"MAYAGUEZ","-67.11244","18.39537"
"PONCE","-66.72196","18.05218"
"PONCE","-66.354215","18.132715"
"HUMACAO",,
"ARECIBO","-66.40216","18.43408"
"BAYAMON","-66.21732","18.38543"
"PONCE","-66.90617","17.9726"
"CAGUAS","-66.11837","17.97802"
"MAYAGUEZ","-66.97788","18.33367"
"SAN JUAN","-65.96069","18.39549"
"CAGUAS","-66.14269","18.12282"
"MAYAGUEZ","-66.9333","18.38331"
"SAN JUAN","-66.04607","18.4331"
"BAYAMON","-66.39266","18.22596"
"MAYAGUEZ","-67.13728","18.28147"
"BAYAMON","-66.25677","18.36625"
"SAN JUAN","-66.12162","18.30477"
"MAYAGUEZ","-67.04707","17.97474"
"SAN JUAN","-66.04516","18.43826"
"SAN JUAN","-66.03302","18.34204"
"HUMACAO","-65.89685","18.00734"
"HUMACAO","-65.91815","18.22674"
"CAGUAS","-66.07612","18.28765"
"PONCE","-66.88103","18.06108"
"PONCE","-66.86901","18.05284"
"BAYAMON","-66.23427","18.42334"
"SAN JUAN","-65.95258","18.39996"
"CAGUAS","-66.03686","18.30274"
"ARECIBO","-66.84433","18.46785"
"BAYAMON","-66.18546","18.44145"
"SAN JUAN","-66.06276","18.37701"
"SAN JUAN","-66.05409","18.39313"
"MAYAGUEZ","-67.04179","18.07922"
"HUMACAO","-65.64811","18.30027"
"CAGUAS","-66.22832","17.97604"
"CAGUAS","-66.16219","18.17064"
"MAYAGUEZ","-67.14958","18.45022"
"PONCE","-66.84447","18.00504"
"HUMACAO","-65.82054","18.14917"
"SAN JUAN","-66.0888","18.38764"
"PONCE","-66.36765","17.9685"
"BAYAMON","-66.1648","18.31756"
"PONCE","-66.60161","18.00744"
"SAN JUAN","-66.0064","18.35289"
"BAYAMON","-66.44581","18.35816"
"MAYAGUEZ","-67.13447","18.34708"
"MAYAGUEZ","-66.95463","18.37019"
"PONCE","-66.76118","18.21682"
"BAYAMON","-66.15154","18.35291"
"SAN JUAN","-65.93054","18.36921"
"SAN JUAN","-66.00786","18.40331"
"ARECIBO","-66.38388","18.44348"
"PONCE","-66.60425","18.21765"
"PONCE","-66.60722","17.98069"
"ARECIBO","-66.69367","18.47902"
"PONCE","-66.59433","18.22162"
"ARECIBO","-66.80053","18.36489"
"MAYAGUEZ","-67.17037","18.36258"
"HUMACAO","-65.8382","18.38239"
"MAYAGUEZ","-67.04653","18.08325"
"BAYAMON","-66.20746","18.39905"
"SAN JUAN","-66.05438","18.4424"
"MAYAGUEZ","-67.09736","18.48642"
"MAYAGUEZ","-67.09781","18.48796"
"CAGUAS","-66.04754","18.28626"
"HUMACAO","-65.96228","18.19892"
"MAYAGUEZ","-67.03173","18.46913"
"MAYAGUEZ","-67.13959","18.28729"
"PONCE","-66.62685","18.01129"
"ARECIBO","-66.31669","18.41179"
"HUMACAO","-65.90364","18.37867"
"ARECIBO","-66.85406","18.45143"
"HUMACAO","-65.84329","18.13437"
"CAGUAS","-66.02826","18.23582"
"MAYAGUEZ","-67.11309","18.39219"
"CAGUAS","-66.04121","18.2148"
"SAN JUAN","-65.99524","18.40727"
"PONCE","-66.60231","18.29906"
"HUMACAO","-65.65245","18.33243"
"ARECIBO","-66.46613","18.435"
"ARECIBO","-66.2821","18.2558"
"ARECIBO","-66.33316","18.41254"
"MAYAGUEZ","-67.14525","18.37448"
"PONCE","-66.7921","18.01826"
"MAYAGUEZ","-67.18516","18.37596"
"PONCE","-66.86206","18.04173"
"PONCE","-66.8009","18.03217"
"PONCE","-66.63862","18.03692"
"MAYAGUEZ","-66.98146","18.30833"
"PONCE","-66.90477","17.97548"
"PONCE","-66.37267","18.1162"
"BAYAMON","-66.19175","18.38843"
"MAYAGUEZ","-66.99505","18.33826"
"HUMACAO","-65.82274","18.14894"
"BAYAMON","-66.44233","18.35501"
"MAYAGUEZ","-67.13727","18.44793"
"MAYAGUEZ","-67.01142","18.09406"
"BAYAMON","-66.17358","18.43839"
"HUMACAO","-65.88004","18.43235"
"SAN JUAN","-66.017058","18.412188"
"SAN JUAN","-66.054","18.41065"
"ARECIBO","-66.67123","18.4418"
"PONCE","-66.60828","18.01526"
"PONCE","-66.87579","18.03458"
"PONCE","-66.32418","18.07454"
"CAGUAS","-66.16856","18.10959"
"CAGUAS","-66.16773","18.11489"
"CAGUAS","-66.02191","18.23555"
"MAYAGUEZ","-67.15498","18.45848"
"PONCE","-66.36208","18.07975"
"CAGUAS","-66.16996","18.11429"
"BAYAMON","-66.21263","18.29585"
"PONCE","-66.62944167","18.14"
"PONCE","-66.71126","18.2755"
"BAYAMON","-66.16102","18.35867"
"HUMACAO","-65.65086","18.34936"
"SAN JUAN","-66.01285","18.40081"
"SAN JUAN","-66.0127","18.40229"
"SAN JUAN","-66.01225","18.4073"
"PONCE","-66.657","18.03739"
"SAN JUAN","-66.10322","18.33501"
"MAYAGUEZ","-66.95798","18.07807"
"SAN JUAN","-66.034","18.41264"
"CAGUAS","-66.26322","18.13971"
"HUMACAO","-65.81211","18.19844"
"BAYAMON","-66.16335","18.39123"
"MAYAGUEZ","-66.92717","18.22649"
"HUMACAO","-65.91629","17.99344"
"HUMACAO","-65.72141","18.37455"
"CAGUAS","-66.3386","18.2308"
"HUMACAO","-65.83008","18.10009"
"PONCE","-66.53377","18.00798"
"BAYAMON","-66.41281","18.30637"
"HUMACAO","-65.87777","18.43225"
"SAN JUAN","-65.95659","18.38561"
"BAYAMON","-66.16742","18.37668"
"PONCE","-66.73946","18.29473"
"ARECIBO","-66.71874","18.47243"
"HUMACAO","-65.91849","18.22454"
"BAYAMON","-66.17268","18.43399"
"PONCE","-66.50414","18.04626"
"HUMACAO","-65.86781","18.18365"
"MAYAGUEZ",,
"MAYAGUEZ","-67.13216","18.28701"
"CAGUAS","-66.13132","18.22399"
"HUMACAO","-65.7787","18.36912"
"MAYAGUEZ","-67.13452778","18.49775"
"SAN JUAN","-66.01135","18.3905"
"BAYAMON","-66.14161","18.39044"
"ARECIBO","-66.77591","18.45667"
"HUMACAO","-65.83097","18.14571"
"SAN JUAN","-66.05489","18.37131"
"PONCE","-66.65441","18.01495"
"HUMACAO","-65.85306","18.361"
"HUMACAO","-65.8542","18.36096"
"MAYAGUEZ","-67.15128","18.16856"
"CAGUAS","-66.02984","17.98387"
"HUMACAO","-66.01105","18.00546"
"PONCE","-66.87475","18.00076"
"HUMACAO","-65.88097","18.42633"
"SAN JUAN","-66.06979","18.44818"
"CAGUAS","-66.15637","18.11716"
"ARECIBO","-66.42994","18.43259"
"ARECIBO","-66.40578","18.43434"
"SAN JUAN","-66.08693","18.41049"
"MAYAGUEZ","-67.1562","18.36856"
"PONCE","-66.56588","18.0651"
"MAYAGUEZ","-67.07776","18.34165"
"CAGUAS","-66.05572","18.20853"
"MAYAGUEZ","-67.15063","18.17657"
"CAGUAS","-66.04161","18.17479"
"CAGUAS","-66.23603","18.21106"
"CAGUAS","-66.19183","18.16227"
"ARECIBO","-66.44577","18.42915"
"BAYAMON","-66.25257","18.29895"
"CAGUAS","-66.05384","18.21915"
"ARECIBO","-66.4774","18.30636"
"MAYAGUEZ","-67.25098","18.33903"
"PONCE","-66.8131","18.06286"
"CAGUAS","-66.10983","18.12626"
"MAYAGUEZ","-67.03143","18.2093"
"CAGUAS","-66.22818","17.9715"
"ARECIBO","-66.73596","18.46298"
"BAYAMON","-66.15804","18.37521"
"HUMACAO","-65.8944","18.0778"
"ARECIBO","-66.25971","18.396"
"ARECIBO","-66.5057","18.31551"
"HUMACAO",,
"MAYAGUEZ","-67.08917","18.17693"
"ARECIBO","-66.49761","18.44914"
"SAN JUAN","-65.93721","18.37334"
"MAYAGUEZ","-67.14307","18.18531"
"PONCE","-66.79254","18.02428"
"BAYAMON","-66.46182","18.23803"
"CAGUAS","-66.00712","18.28076"
"PONCE","-66.50581","18.10698"
"ARECIBO","-66.88233","18.29956"
"MAYAGUEZ","-67.14365","18.20206"
"BAYAMON","-66.18149","18.43506"
"HUMACAO","-65.76057","18.23301"
"CAGUAS","-66.04072","18.23283"
"BAYAMON","-66.17822","18.37352"
"ARECIBO","-66.7275","18.47102"
"CAGUAS","-66.06448","17.97405"
"ARECIBO","-66.87977","18.29666"
"PONCE","-66.72947","18.13412"
"HUMACAO","-65.87097","18.32032"
"PONCE","-66.726671","18.17278"
"BAYAMON","-66.22027","18.29276"
"MAYAGUEZ","-67.15506","18.42658"
"PONCE","-66.61915","17.98619"
"SAN JUAN","-66.07822","18.4073"
"MAYAGUEZ","-67.19133","18.3835"
"ARECIBO","-66.64628","18.42251"
"PONCE","-66.80358","18.29252"
"MAYAGUEZ","-67.11149","18.39137"
"BAYAMON","-66.16943","18.44162"
"SAN JUAN","-66.05612","18.44306"
"SAN JUAN","-66.07799","18.44513"
"ARECIBO","-66.72279","18.46249"
"ARECIBO","-66.56969","18.41666"
"MAYAGUEZ","-67.02635","18.4701"
"BAYAMON","-66.17501","18.38415"
"PONCE","-66.62006","18.01518"
"MAYAGUEZ","-66.97971","18.05665"
"SAN JUAN","-66.10116","18.4659"
"SAN JUAN","-65.99382","18.41606"
"CAGUAS","-66.26427","18.13952"
"BAYAMON","-66.15324","18.37319"
"BAYAMON","-66.35331","18.29035"
"CAGUAS","-66.05255","18.20382"
"SAN JUAN","-66.04791","18.44568"
"PONCE","-66.52824","18.02024"
"SAN JUAN","-65.96031","18.3984"
"ARECIBO","-66.93915","18.46849"
"CAGUAS","-66.10144","18.25266"
"HUMACAO","-65.88726","18.39341"
"PONCE","-66.53709","18.03067"
"PONCE","-66.66255","17.98219"
"BAYAMON","-66.18166","18.44928"
"MAYAGUEZ","-67.14605","18.20849"
"PONCE","-66.6276","18.00595"
"CAGUAS","-66.1176","17.97951"
"PONCE","-66.60934","18.01411"
"CAGUAS","-66.15779","18.11601"
"SAN JUAN","-65.97499","18.41662"
"HUMACAO","-65.64999","18.33322"
"BAYAMON","-66.17361","18.40239"
"BAYAMON","-66.15863","18.3992"
"BAYAMON","-66.15916","18.39262"
"CAGUAS","-66.3012","18.15234"
"CAGUAS","-65.97458","18.25141"
"CAGUAS","-66.0983187","17.972003"
"HUMACAO","-65.94123","18.19121"
"ARECIBO","-66.58004","18.43536"
"HUMACAO","-65.30285","18.30769"
"HUMACAO","-65.84772","18.37509"
"HUMACAO","-65.88929","18.32192"
"SAN JUAN","-65.9843","18.42278"
"PONCE","-66.63215","18.00712"
"CAGUAS","-66.15972","18.17855"
"SAN JUAN","-66.00711","18.34365"
"CAGUAS","-66.28919","18.23878"
"HUMACAO","-65.97249","18.19497"
"SAN JUAN","-66.06066","18.36046"
"MAYAGUEZ","-67.15598","18.42158"
"MAYAGUEZ","-67.15608","18.36971"
"ARECIBO","-66.74012","18.45402"
"SAN JUAN","-66.06436","18.41782"
"ARECIBO","-66.301143","18.432552"
"ARECIBO","-66.27703","18.4293"
"HUMACAO","-65.91448","18.26935"
"CAGUAS","-66.16472222","18.21333333"
"SAN JUAN","-66.03777","18.40167"
"PONCE","-66.7038","18.0516"
"BAYAMON","-66.40863","18.32623"
"ARECIBO","-66.3293","18.41309"
"CAGUAS","-66.17248","18.17556"
"HUMACAO","-65.64796","18.26012"
"MAYAGUEZ","-67.05556","18.03755"
"ARECIBO","-66.55274","18.44712"
"ARECIBO","-66.3027","18.40217"
"CAGUAS","-66.04178","18.25417"
"MAYAGUEZ","-67.13811","18.18227"
"PONCE","-66.9214","17.98848"
"PONCE","-66.84925","18.03195"
"PONCE","-66.40558","17.96018"
"CAGUAS","-66.16219","18.10815"
"HUMACAO","-65.9591","18.45066"
"SAN JUAN","-66.05932","18.44666"
"SAN JUAN","-66.05658","18.42823"
"BAYAMON","-66.32194","18.3403"
"MAYAGUEZ","-66.9736","18.48664"
"BAYAMON","-66.17887","18.38921"
"BAYAMON","-66.21055","18.41632"
"MAYAGUEZ","-66.99874","18.34746"
"BAYAMON","-66.21387","18.40831"
"PONCE","-66.84929","18.03115"
"PONCE","-66.61032","18.02032"
"SAN JUAN","-66.0504","18.43614"
"SAN JUAN","-66.06239","18.42761"
"HUMACAO","-65.8234","18.13949"
"MAYAGUEZ","-67.13317","18.13944"
"HUMACAO","-65.82192","18.14852"
"MAYAGUEZ",,
"CAGUAS","-66.167245","18.116236"
"PONCE",,
"BAYAMON","-66.39342","18.30802"
"MAYAGUEZ","-67.12477","18.27477"
"ARECIBO","-66.30086","18.40334"
"MAYAGUEZ","-67.17206","18.23021"
"MAYAGUEZ","-67.14558","18.50035"
"PONCE","-66.39017","18.00439"
"HUMACAO","-65.73354","18.20984"
"CAGUAS","-66.23112","18.03119"
"PONCE","-66.64664","18.01455"
"ARECIBO","-66.60817","18.45702"
"ARECIBO","-66.80989","18.45603"
"HUMACAO","-65.96422","18.19519"
"PONCE","-66.62938","17.99295"
"MAYAGUEZ","-66.99741","18.24659"
"MAYAGUEZ","-67.14438","18.19839"
"MAYAGUEZ","-66.98916","18.24694"
"ARECIBO","-66.46826","18.38165"
"SAN JUAN","-66.08751","18.39201"
"MAYAGUEZ","-67.15191","18.47935"
"ARECIBO","-66.63999","18.4445"
"SAN JUAN","-66.03383","18.36276"
"BAYAMON","-66.13266","18.39319"
"SAN JUAN","-66.05556","18.43822"
"CAGUAS","-66.34152","18.18951"
"CAGUAS","-66.26427","18.13952"
"PONCE","-66.6187","18.01168"
"BAYAMON","-66.2728","18.28498"
"PONCE","-66.50742","18.05091"
"SAN JUAN","-66.02355","18.40662"
"PONCE","-66.7469","18.08849"
"CAGUAS","-66.02688","18.24914"
"ARECIBO","-66.4838","18.43551"
"CAGUAS","-66.26368","18.00184"
"CAGUAS","-66.178","18.11999"
"ARECIBO","-66.60456","18.40059"
"HUMACAO","-65.79582","18.38203"
"PONCE","-66.70265","18.26566"
"HUMACAO","-65.81325","18.23646"
"ARECIBO","-66.48723","18.42736"
"PONCE","-66.65638","17.98809"
"ARECIBO","-66.5383","18.45177"
"BAYAMON","-66.30778","18.34097"
"HUMACAO","-65.73378","18.21099"
"HUMACAO","-65.85994","18.17793"
"PONCE","-66.36231","18.07785"
"MAYAGUEZ","-66.95375","18.24324"
"BAYAMON","-66.18486","18.4268"
"CAGUAS","-66.09809","17.97575"
"BAYAMON","-66.20119","18.33498"
"PONCE","-66.75156","18.28343"
"BAYAMON","-66.240345","18.298222"
"BAYAMON","-66.19271","18.36872"
"CAGUAS","-66.30211","17.96462"
"SAN JUAN","-65.97385","18.41018"
"MAYAGUEZ","-67.01981","18.50178"
"ARECIBO","-66.53019","18.413"
"BAYAMON","-66.24925","18.29953"
"BAYAMON","-66.12656","18.44143"
"ARECIBO","-66.75383","18.47023"
"PONCE","-66.63483","18.01499"
"PONCE","-66.76916","18.18034"
"PONCE","-66.49311","18.07391"
"PONCE","-66.70568","18.2667"
"BAYAMON","-66.40145","18.32594"
"PONCE","-66.79321","18.02052"
"BAYAMON","-66.24554","18.28085"
"HUMACAO","-65.88178","18.19323"
"CAGUAS","-66.05016","18.29189"
"PONCE","-66.49031","18.12578"
"MAYAGUEZ","-67.14906","18.19709"
"MAYAGUEZ","-66.92166","18.05181"
"PONCE","-66.91445","18.00504"
"SAN JUAN","-66.03578","18.43464"
"HUMACAO","-65.92477","18.2282"
"HUMACAO","-65.65645","18.32381"
"ARECIBO","-66.83036","18.17848"
"SAN JUAN","-66.09082","18.40158"
"SAN JUAN","-66.03019","18.3985"
"BAYAMON","-66.39433","18.25199"
"BAYAMON","-66.33589","18.34841"
"CAGUAS","-66.11254","17.99037"
"HUMACAO","-65.96106","18.1887"
"MAYAGUEZ","-67.26544","18.35936"
"ARECIBO","-66.89","18.194"
"MAYAGUEZ","-67.07152","18.13602"
"HUMACAO","-65.87392","18.26638"
"CAGUAS","-66.03575","18.22684"
"SAN JUAN","-66.01437","18.39746"
"HUMACAO","-65.43863","18.15216"
"SAN JUAN","-65.97719","18.40046"
"MAYAGUEZ","-66.95463","18.38542"
"CAGUAS","-66.28955","17.96167"
"HUMACAO","-65.99573","17.98027"
"HUMACAO","-65.8683","18.38393"
"SAN JUAN","-66.04914","18.41383"
"CAGUAS","-65.94134","18.26486"
"ARECIBO","-66.49272","18.36056"
"CAGUAS","-66.0533","18.21488"
"SAN JUAN","-66.04568","18.43345"
"PONCE","-66.61467","18.0076"
"MAYAGUEZ","-67.03717","18.08018"
"BAYAMON","-66.26968","18.34535"
"MAYAGUEZ","-67.06978","18.1076"
"SAN JUAN","-66.00461","18.36696"
"PONCE","-66.59335","18.04266"
"BAYAMON","-66.1437","18.31667"
"CAGUAS",,
"PONCE",,
"PONCE","-66.81443","17.99275"
"MAYAGUEZ","-67.12562","18.45726"
"BAYAMON","-66.12146","18.44014"
"ARECIBO","-66.32616","18.41052"
"ARECIBO","-66.33517","18.41993"
"ARECIBO","-66.55764","18.43753"
"MAYAGUEZ","-66.93366","18.15058"
"HUMACAO","-65.66831","18.31877"
"CAGUAS","-66.21714","18.22601"
"CAGUAS","-66.0097","18.21628"
"PONCE","-66.86884","18.02949"
"SAN JUAN","-66.07748","18.33924"
"BAYAMON","-66.15097","18.38724"
"CAGUAS","-66.31086","18.24555"
"PONCE","-66.721","18.24821"
"SAN JUAN","-66.07391","18.44667"
"BAYAMON","-66.91944444","18.33333333"
"ARECIBO","-66.87253611","18.317925"
"CAGUAS","-66.285279","18.234232"
"BAYAMON","-66.17208","18.40737"
"HUMACAO","-65.64618","18.26384"
"HUMACAO","-65.84938","18.42601"
"PONCE","-66.72205","18.05453"
"CAGUAS","-66.25086","18.02434"
"PONCE","-66.70386","18.05139"
"CAGUAS","-66.2984022","17.9729436"
"MAYAGUEZ","-67.02123","18.49813"
"BAYAMON","-66.14369","18.42984"
"HUMACAO","-65.90938","18.22734"
"MAYAGUEZ","-67.13682","18.2813"
"PONCE","-66.60409","18.00551"
"ARECIBO","-66.26129","18.46031"
"BAYAMON","-66.40455","18.32492"
"HUMACAO","-65.88723","18.04678"
"ARECIBO","-66.48243","18.27293"
"PONCE","-66.62797","18.00872"
"SAN JUAN","-66.0483","18.43152"
"MAYAGUEZ","-67.1506","18.08048"
"CAGUAS","-66.04603","18.22947"
"PONCE","-66.59023","18.04306"
"SAN JUAN","-65.93969","18.32666"
"SAN JUAN","-65.9538","18.39564"
"BAYAMON","-66.15721","18.35848"
"SAN JUAN","-66.02305","18.36804"
"ARECIBO","-66.49088","18.42624"
"CAGUAS","-66.0579","18.28231"
"CAGUAS","-66.1591","18.17438"
"SAN JUAN","-65.91477","18.31455"
"SAN JUAN","-66.01085","18.37222"
"PONCE","-66.62941","18.01735"
"ARECIBO","-66.77812","18.45451"
"HUMACAO","-65.86441","18.42738"
"CAGUAS","-66.04955","18.20766"
"PONCE","-66.40609","17.96684"
"BAYAMON","-66.17909","18.45235"
"ARECIBO","-66.73129","18.46304"
"HUMACAO","-65.99334","18.12068"
"MAYAGUEZ","-67.25554","18.34231"
"CAGUAS","-66.11483","17.9833"
"PONCE","-66.36784","18.0732"
"HUMACAO","-65.87582","18.05066"
"MAYAGUEZ","-66.96244","18.07934"
"PONCE","-66.45696","18.05588"
"HUMACAO","-65.92984","18.22678"
"BAYAMON","-66.15082","18.43417"
"MAYAGUEZ","-67.16493","18.46965"
"PONCE","-66.729973","18.148034"
"MAYAGUEZ","-67.02716","18.4697"
"HUMACAO","-65.88934","18.33612"
"HUMACAO","-65.96531","18.19024"
"BAYAMON","-66.16018","18.35157"
"HUMACAO","-65.90344","18.22539"
"CAGUAS","-66.29445","18.18352"
"ARECIBO","-66.54644","18.43553"
"ARECIBO","-66.35893","18.41528"
"CAGUAS","-66.06222","17.96755"
"HUMACAO","-65.89412","18.14595"
"MAYAGUEZ","-67.14831","18.44241"
"MAYAGUEZ","-67.15607","18.4176"
"PONCE","-66.72544","18.16602"
"SAN JUAN","-66.02834","18.33214"
"PONCE","-66.37419","18.07602"
"ARECIBO","-66.7884","18.42787"
"CAGUAS","-66.03634","18.22767"
"MAYAGUEZ","-67.13304","18.20456"
"PONCE","-66.61794","18.03298"
"MAYAGUEZ","-67.17712","18.33827"
"ARECIBO","-66.73029","18.46265"
"CAGUAS","-66.21367","18.09472"
"SAN JUAN","-66.00487","18.41079"
"ARECIBO","-66.38986","18.44552"
"CAGUAS","-66.05509","17.99222"
"MAYAGUEZ","-67.029998","18.488838"
"SAN JUAN","-66.1114","18.4656"
"BAYAMON","-66.21663","18.3869"
"CAGUAS","-66.05954","17.97133"
"SAN JUAN","-66.04571","18.35929"
"BAYAMON","-66.1867","18.30055"
"CAGUAS","-66.01573","18.21861"
"CAGUAS","-66.16442","17.95605"
"BAYAMON","-66.25396","18.40243"
"PONCE","-66.86064","18.03668"
"BAYAMON","-66.2489","18.39091"
"CAGUAS","-66.2512","18.02498"
"ARECIBO","-66.33306","18.43816"
"HUMACAO","-65.71484","18.23432"
"MAYAGUEZ","-66.95729","18.07944"
"PONCE","-66.35747","18.07834"
"BAYAMON","-66.22946","18.4442"
"PONCE","-66.93638","17.96766"
"BAYAMON","-66.39252","18.22397"
"ARECIBO","-66.26696","18.46249"
"HUMACAO","-65.88425","18.3876"
"SAN JUAN","-65.95893","18.38445"
"PONCE","-66.8032","18.28419"
"BAYAMON","-66.89","18.308"
"PONCE","-66.74315","18.06551"
"SAN JUAN","-66.09599","18.37651"
"PONCE","-66.58487","18.01205"
"HUMACAO","-65.65554","18.34179"
"PONCE","-66.58811","18.21938"
"ARECIBO","-66.83816","18.29084"
"BAYAMON","-66.27853","18.31365"
"HUMACAO","-66.01649","18.00749"
"BAYAMON","-66.14879","18.38037"
"SAN JUAN","-66.03896","18.3547"
"ARECIBO","-66.47404","18.34071"
"HUMACAO","-65.89991","18.24354"
"ARECIBO","-66.48107","18.42371"
"ARECIBO","-66.93604","18.47474"
"HUMACAO","-65.87768","18.03961"
"SAN JUAN","-66.09315","18.3798"
"PONCE","-66.62222","17.99976"
"MAYAGUEZ","-67.07915","18.37883"
"SAN JUAN","-66.11586","18.38058"
"MAYAGUEZ","-66.94436","18.07258"
"HUMACAO","-65.73694","18.2083"
"SAN JUAN","-66.05916","18.41281"
"MAYAGUEZ","-67.15569","18.36866"
"PONCE","-66.61019","18.01171"
"BAYAMON","-66.1717","18.397"
"CAGUAS","-66.10653","18.205"
"HUMACAO","-65.82277","18.14893"
"SAN JUAN","-66.0433","18.42046"
"SAN JUAN","-66.12109","18.40019"
"ARECIBO","-66.56795","18.35825"
"ARECIBO","-66.39969","18.43197"
"SAN JUAN","-66.03416","18.41278"
"BAYAMON","-66.18355","18.40438"
"SAN JUAN","-66.1255","18.39606"
"PONCE","-66.4909","17.99454"
"PONCE","-66.54771","18.05104"
"PONCE","-66.54824","18.04971"
"MAYAGUEZ","-67.09782","18.48632"
"CAGUAS","-66.23547","18.25357"
"SAN JUAN","-65.98575","18.36965"
"MAYAGUEZ","-66.98115","18.27701"
"CAGUAS","-66.2187","18.22355"
"BAYAMON","-66.40972","18.35627"
"HUMACAO","-65.91383","18.3727"
"SAN JUAN","-66.04356","18.42757"
"ARECIBO","-66.55081","18.36364"
"PONCE","-66.50693","18.0613"
"HUMACAO","-65.47612","18.09832"
"PONCE","-66.6955","18.26701"
"PONCE","-66.66209","18.03512"
"HUMACAO","-65.91583","18.39002"
"SAN JUAN","-66.06586","18.45074"
"PONCE","-66.64463","18.00938"
"PONCE","-66.63531","18.07412"
"ARECIBO","-66.83379","18.18159"
"BAYAMON","-66.17287","18.34489"
"ARECIBO","-66.75505","18.44455"
"SAN JUAN","-66.06661","18.39722"
"MAYAGUEZ","-67.04663","18.08377"
"CAGUAS","-66.03645","18.21653"
"MAYAGUEZ","-67.00668","18.17701"
"SAN JUAN","-66.08094","18.41698"
"HUMACAO","-65.84837","18.17576"
"CAGUAS","-66.31499","18.19014"
"ARECIBO","-66.32461","18.40969"
"HUMACAO","-65.98483","17.97855"
"SAN JUAN","-66.08589","18.40596"
"CAGUAS","-66.26474","17.9481"
"SAN JUAN","-66.04872","18.42167"
"SAN JUAN","-66.02299","18.41119"
"MAYAGUEZ","-67.07786","18.16491"
"ARECIBO","-66.84753","18.48542"
"MAYAGUEZ","-66.95316","18.28826"
"SAN JUAN","-66.0547","18.41045"
"PONCE","-66.88604","18.15246"
"ARECIBO","-66.56535","18.37234"
"HUMACAO","-65.86748","18.17711"
"MAYAGUEZ","-67.05692","18.04897"
"HUMACAO","-65.84961","18.37947"
"PONCE","-66.63638","18.00529"
"HUMACAO","-65.80006","18.14178"
"PONCE","-66.66344","17.98348"
"ARECIBO","-66.38459","18.44501"
"PONCE","-66.55013","18.04644"
"PONCE","-66.86819","18.03055"
"MAYAGUEZ","-67.0467","18.08373"
"BAYAMON","-66.18587","18.4602"
"ARECIBO","-66.82068","18.48155"
"SAN JUAN","-65.96083","18.38453"
"MAYAGUEZ","-67.12787","18.44366"
"PONCE","-66.62923","17.98624"
"BAYAMON","-66.17691","18.40615"
"PONCE","-66.87173","18.01222"
"CAGUAS","-66.12094","17.98191"
"ARECIBO","-66.85207","18.46535"
"ARECIBO","-66.89158","18.43254"
"HUMACAO","-65.90108","18.37639"
"PONCE","-66.5049","18.04658"
"SAN JUAN","-66.04097","18.4478"
"BAYAMON","-66.25291","18.44053"
"ARECIBO","-66.77566","18.40733"
"SAN JUAN","-66.09184","18.39644"
"CAGUAS","-66.09312","18.17288"
"ARECIBO","-66.74674","18.4662"
"CAGUAS","-66.03114","18.22702"
"CAGUAS","-66.10552","18.2526"
"CAGUAS","-66.22447","18.21028"
"CAGUAS","-66.30545","18.1907"
"HUMACAO","-65.88035","18.38911"
"HUMACAO","-65.89445","18.07654"
"MAYAGUEZ","-67.13936","18.29424"
"PONCE","-66.49162","17.99439"
"SAN JUAN","-65.9861","18.40713"
"ARECIBO","-66.80866","18.45915"
"PONCE","-66.72525","18.26712"
"CAGUAS","-66.03687","18.2312"
"HUMACAO","-65.96116","18.18904"
"HUMACAO","-65.8449","18.20648"
"MAYAGUEZ","-67.15187","18.47391"
"MAYAGUEZ","-67.0591","18.04763"
"MAYAGUEZ","-67.13962","18.19982"
"PONCE","-66.89452","17.99822"
"PONCE","-66.84978","18.03198"
"SAN JUAN","-66.06457","18.44167"
"SAN JUAN","-66.04895","18.40019"
"ARECIBO","-66.26618","18.47445"
"SAN JUAN","-66.11382","18.42982"
"SAN JUAN","-66.11422","18.43065"
"MAYAGUEZ","-66.94919","18.07416"
"BAYAMON","-66.14257","18.39051"
"CAGUAS","-66.03664","18.22713"
"SAN JUAN","-66.049","18.44864"
"MAYAGUEZ","-66.99067","18.24953"
"CAGUAS","-66.11975","18.2571"
"ARECIBO","-66.29355","18.44889"
"HUMACAO","-65.7822","18.23751"
"HUMACAO","-65.83631","18.14278"
"SAN JUAN","-65.96129","18.39749"
"SAN JUAN","-66.07618","18.36228"
"MAYAGUEZ","-67.18349","18.38322"
"PONCE","-66.49979","18.12665"
"SAN JUAN","-66.07311","18.45368"
"PONCE","-66.88557","18.02262"
"MAYAGUEZ","-67.14468","18.20043"
"SAN JUAN","-66.03627","18.41334"
"BAYAMON","-66.45265","18.32295"
"SAN JUAN","-66.05075","18.4356"
"BAYAMON","-66.32008","18.34263"
"MAYAGUEZ","-67.02006","18.50045"
"CAGUAS","-66.22877","18.21458"
"SAN JUAN","-66.05231","18.44191"
"SAN JUAN","-66.04019","18.43286"
"PONCE","-66.50271","18.05249"
"SAN JUAN","-65.97608","18.40091"
"MAYAGUEZ","-67.24906","18.33557"
"MAYAGUEZ","-67.22667","18.31354"
"PONCE","-66.60129","18.0327"
"PONCE","-66.40544","17.96654"
"ARECIBO","-66.40829","18.42951"
"MAYAGUEZ","-67.00878","18.34929"
"ARECIBO","-66.35498","18.46092"
"ARECIBO","-66.3594","18.43684"
"HUMACAO","-65.87181","18.12972"
"BAYAMON","-66.21746","18.36956"
"CAGUAS","-66.02402","18.24024"
"CAGUAS","-66.18013","17.95256"
"ARECIBO","-66.277","18.42929"
"MAYAGUEZ","-67.07841","18.38013"
"SAN JUAN","-66.1095","18.358"
"CAGUAS","-65.97421","18.25695"
"CAGUAS","-66.19505","18.24905"
"BAYAMON","-66.21204","18.36425"
"ARECIBO","-66.75795","18.4413"
"HUMACAO","-65.99002","18.12042"
"HUMACAO",,
"MAYAGUEZ","-67.1531","18.19648"
"PONCE","-66.63009","17.9994"
"BAYAMON","-66.14577","18.37452"
"BAYAMON","-66.14978","18.38669"
"HUMACAO","-65.64413","18.30089"
"BAYAMON","-66.20003","18.40004"
"PONCE","-66.90846","17.9729"
"PONCE","-66.70563","18.26778"
"MAYAGUEZ","-67.15468","18.17974"
"HUMACAO","-65.4533","18.12417"
"HUMACAO","-65.9682","17.99197"
"BAYAMON","-66.18531","18.42989"
"SAN JUAN","-65.9754","18.40368"
"BAYAMON","-66.19601","18.3432"
"MAYAGUEZ","-67.16815","18.3024"
"MAYAGUEZ","-67.02065","18.12821"
"SAN JUAN","-66.0943","18.31826"
"BAYAMON","-66.14604","18.37307"
"MAYAGUEZ","-67.14982","18.2075"
"HUMACAO","-66.01033","18.03096"
"MAYAGUEZ","-67.04055","18.04973"
"HUMACAO","-65.90717","18.04359"
"BAYAMON","-66.1865","18.35196"
"PONCE","-66.4043","17.96771"
"BAYAMON","-66.20876","18.39932"
"SAN JUAN","-65.98612","18.36201"
"MAYAGUEZ","-66.99899","18.48822"
"CAGUAS","-65.97079","18.25481"
"HUMACAO","-65.86009","18.22708"
"SAN JUAN","-66.00569","18.35391"
"HUMACAO","-65.84256","18.42529"
"BAYAMON","-66.25763","18.33572"
"BAYAMON","-66.14768","18.4355"
"BAYAMON","-66.24852","18.30151"
"ARECIBO","-66.44402","18.44232"
"MAYAGUEZ","-67.11177","18.13669"
"PONCE","-66.5794","18.20239"
"BAYAMON","-66.14894","18.36926"
"PONCE","-66.71168","18.05554"
"CAGUAS","-66.14892","18.1174"
"CAGUAS","-66.16099","18.116"
"BAYAMON","-66.17751","18.36999"
"SAN JUAN","-66.04326","18.40972"
"SAN JUAN","-66.04858","18.42789"
"MAYAGUEZ","-67.16392","18.02742"
"HUMACAO","-65.45249","18.13634"
"CAGUAS","-66.04733","18.22953"
"MAYAGUEZ","-66.99394","18.34442"
"BAYAMON","-66.39222","18.22935"
"SAN JUAN","-66.07912","18.422"
"MAYAGUEZ","-66.99974","18.44909"
"CAGUAS","-66.03105","18.23249"
"BAYAMON","-66.24862","18.39144"
"PONCE","-66.48902","18.12707"
"SAN JUAN","-66.02517","18.37504"
"ARECIBO","-66.48679","18.46071"
"ARECIBO","-66.389915","18.445451"
"MAYAGUEZ","-67.02416","18.50459"
"SAN JUAN","-65.98879","18.33055"
"SAN JUAN","-66.77472222","18.36777778"
"BAYAMON","-66.19346","18.27695"
"ARECIBO","-66.55698","18.4454"
"BAYAMON",,
"HUMACAO","-65.84931","18.4261"
"ARECIBO","-66.46743","18.33875"
"PONCE","-66.89052","17.97851"
"MAYAGUEZ","-67.11","18.17071"
"BAYAMON","-66.12877","18.44228"
"CAGUAS","-66.12427","17.97367"
"CAGUAS","-66.05608","18.2269"
"MAYAGUEZ","-67.01939","18.30491"
"BAYAMON","-66.18717","18.37854"
"CAGUAS","-66.303","18.1861"
"CAGUAS","-66.33674","18.21316"
"SAN JUAN","-66.05184","18.42225"
"PONCE","-66.79016","18.01897"
"MAYAGUEZ","-67.21744","18.35966"
"SAN JUAN","-66.06507","18.44663"
"BAYAMON","-66.17469","18.39419"
"BAYAMON","-66.17412","18.39451"
"HUMACAO","-65.65383","18.25293"
"MAYAGUEZ","-67.14441","18.29601"
"PONCE","-66.56172","18.08289"
"HUMACAO","-65.84285","18.42423"
"SAN JUAN","-65.98505","18.42466"
"PONCE","-66.65252","18.22721"
"MAYAGUEZ","-66.98298","18.33305"
"PONCE","-66.85827","18.05524"
"SAN JUAN","-65.96646","18.31392"
"CAGUAS","-66.04353","18.22055"
"ARECIBO","-66.88499","18.48358"
"HUMACAO","-65.89179","18.21698"
"SAN JUAN","-66.09346","18.4155"
"SAN JUAN","-66.08736","18.41638"
"PONCE","-66.52275","18.05349"
"HUMACAO","-65.83181","18.37933"
"MAYAGUEZ","-67.14362","18.08749"
"HUMACAO","-65.87902","18.27123"
"SAN JUAN","-65.93524","18.35311"
"PONCE","-66.43702","17.9842"
"CAGUAS","-66.04055","18.25727"
"SAN JUAN","-65.98987","18.40196"
"MAYAGUEZ",,
"BAYAMON","-66.12655","18.39477"
"HUMACAO","-65.64717","18.33473"
"CAGUAS","-66.21326","17.96832"
"CAGUAS","-66.04732","18.24005"
"CAGUAS","-66.03261","18.24623"
"HUMACAO","-65.82777","18.11886"
"ARECIBO","-66.2906","18.1812"
"ARECIBO","-66.46694","18.42493"
"HUMACAO","-65.84094","18.14719"
"SAN JUAN","-65.99807","18.38"
"SAN JUAN","-66.01117","18.36882"
"CAGUAS","-66.30603","18.18624"
"CAGUAS","-66.22944444","18.18625"
"HUMACAO","-65.4513","18.14139"
"PONCE","-66.61032","18.01103"
"BAYAMON","-66.35352","18.29165"
"HUMACAO","-65.85451","18.36096"
"SAN JUAN","-65.9284","18.36848"
"MAYAGUEZ","-67.18501","18.37625"
"PONCE","-66.845207","18.010869"
"HUMACAO",,
"MAYAGUEZ",,
"PONCE","-66.35917","18.07771"
"HUMACAO","-65.7462","18.24141"
"HUMACAO","-65.98414","18.13669"
"PONCE","-66.80246","18.03552"
"CAGUAS","-66.24904","18.13298"
"CAGUAS","-66.11062","18.0031"
"PONCE","-66.72388","18.16476"
"BAYAMON","-66.17162","18.36303"
"MAYAGUEZ","-67.13033","18.47675"
"SAN JUAN","-66.08134","18.45008"
"SAN JUAN","-66.00711","18.32055"
"BAYAMON","-66.12502","18.43734"
"MAYAGUEZ","-67.13742","18.18695"
"HUMACAO","-65.83289","18.37979"
"CAGUAS","-66.24332","18.06552"
"MAYAGUEZ","-67.12905","18.39809"
"MAYAGUEZ","-67.09893","18.12819"
"SAN JUAN","-66.04171","18.42006"
"BAYAMON","-66.18065","18.3796"
"ARECIBO","-66.30981","18.41734"
"ARECIBO","-66.40785","18.44813"
"SAN JUAN","-66.10076","18.39799"
"PONCE","-66.72358","18.0538"
"SAN JUAN","-66.07433","18.45003"
"MAYAGUEZ","-67.12929","18.20052"
"SAN JUAN","-66.10934","18.35539"
"HUMACAO","-65.71711","18.37759"
"CAGUAS","-66.26321","18.13971"
"SAN JUAN","-66.08049","18.3505"
"HUMACAO","-65.77384","18.36935"
"SAN JUAN","-66.09799","18.3888"
"HUMACAO","-66.01258","18.00472"
"ARECIBO","-66.8733","18.47208"
"PONCE","-66.60845","18.01329"
"ARECIBO","-66.94929","18.45737"
"BAYAMON","-66.12443","18.43641"
"ARECIBO","-66.88992","18.29245"
"MAYAGUEZ","-67.1338","18.02887"
"MAYAGUEZ","-67.12281","18.13634"
"ARECIBO","-66.93838","18.47587"
"PONCE","-66.36495","18.07382"
"PONCE","-66.46993","18.15672"
"CAGUAS","-66.16897","18.25743"
"MAYAGUEZ","-66.99661","18.33988"
"PONCE","-66.60203","18.00711"
"SAN JUAN","-66.1029","18.37666"
"BAYAMON","-66.17196","18.41609"
"MAYAGUEZ","-67.07238","18.0029"
"PONCE","-66.75445","18.06048"
"HUMACAO","-65.86987","18.18197"
"SAN JUAN","-66.05088","18.44957"
"HUMACAO","-65.88209","18.04474"
"HUMACAO","-65.6511","18.32564"
"BAYAMON","-66.43418","18.30338"
"SAN JUAN","-66.05112","18.40036"
"MAYAGUEZ","-66.97977","18.18268"
"CAGUAS","-66.14784","18.16578"
"SAN JUAN","-65.97511","18.42293"
"SAN JUAN","-66.08183","18.39543"
"SAN JUAN","-66.04092","18.39772"
"CAGUAS","-66.02877","18.23495"
"SAN JUAN","-66.08149","18.39462"
"SAN JUAN","-66.04992","18.44994"
"BAYAMON","-66.19056","18.37127"
"BAYAMON","-66.19293","18.36933"
"ARECIBO","-66.26681","18.46326"
"ARECIBO","-66.57161","18.36411"
"MAYAGUEZ","-67.0931","18.22838"
"MAYAGUEZ","-67.05932","18.22724"
"SAN JUAN","-65.9802","18.38162"
"HUMACAO","-65.93629","18.225"
"PONCE","-66.60379","18.02225"
"CAGUAS","-66.29565","17.97648"
"HUMACAO","-65.87032","18.35858"
"CAGUAS","-66.04422","18.21357"
"HUMACAO","-65.87623","18.04398"
"ARECIBO","-66.81882","18.47704"
"BAYAMON","-66.26208","18.26084"
"ARECIBO","-66.41196","18.4804"
"HUMACAO","-65.66956","18.34774"
"HUMACAO","-65.91266","18.05927"
"SAN JUAN","-66.11865","18.433"
"HUMACAO","-65.71441","18.37597"
"MAYAGUEZ","-67.00951","18.03933"
"BAYAMON","-66.12798","18.44205"
"BAYAMON","-66.26339","18.30806"
"PONCE","-66.36297","18.04695"
"HUMACAO","-65.82404","18.15195"
"CAGUAS","-66.16267","18.16772"
"PONCE","-66.50303","18.05122"
"SAN JUAN","-65.95964","18.41931"
"SAN JUAN","-66.02642","18.39787"
"MAYAGUEZ","-67.17126","18.24008"
"PONCE","-66.34056","18.15316"
"SAN JUAN","-65.95122","18.33399"
"CAGUAS","-66.15651","18.11371"
"MAYAGUEZ","-67.13191","18.5025"
"CAGUAS","-66.08167","18.20099"
"SAN JUAN","-66.037","18.39364"
"SAN JUAN","-66.00428","18.39359"
"PONCE","-66.64385","18.15741"
"ARECIBO","-66.38282","18.45529"
"SAN JUAN","-66.13491","18.37089"
"PONCE","-66.60784","18.03116"
"HUMACAO","-65.64617","18.26489"
"SAN JUAN","-66.03485","18.42162"
"SAN JUAN","-66.0587","18.43491"
"SAN JUAN","-66.10136","18.38041"
"PONCE","-66.8483","18.03154"
"HUMACAO","-65.87413","18.17193"
"MAYAGUEZ","-67.18523","17.98145"
"MAYAGUEZ","-67.18775","18.08519"
"MAYAGUEZ","-67.12627","18.13867"
"MAYAGUEZ","-67.15433","18.19461"
"SAN JUAN","-66.07716","18.45002"
"MAYAGUEZ","-67.15245","18.0869"
"BAYAMON","-66.22565","18.32214"
"CAGUAS","-66.11867","17.98261"
"CAGUAS","-66.29105","18.21153"
"SAN JUAN","-66.04169","18.43048"
"PONCE","-66.60445","17.97787"
"SAN JUAN","-66.06068","18.40382"
"CAGUAS","-66.29647","17.9731"
"MAYAGUEZ","-67.1178","18.44374"
"ARECIBO","-66.36765","18.40873"
"BAYAMON","-66.26702","18.32437"
"HUMACAO","-65.75979","18.161"
"MAYAGUEZ","-67.1453","18.14859"
"BAYAMON","-66.40214","18.18472"
"BAYAMON","-66.35607","18.21376"
"HUMACAO","-65.8468","18.08559"
"ARECIBO","-66.85241","18.26961"
"PONCE","-66.57882","18.26075"
"MAYAGUEZ","-67.13108","18.08766"
"PONCE","-66.62139","18.19782"
"MAYAGUEZ","-67.06754","18.44316"
"HUMACAO","-65.84665","18.03649"
"ARECIBO","-66.60302","18.40143"
"CAGUAS","-66.16217","18.23688"
"MAYAGUEZ","-67.03254","18.36094"
"BAYAMON","-66.43287","18.17448"
"BAYAMON","-66.36643","18.24139"
"BAYAMON","-66.18746","18.32943"
"HUMACAO","-65.95272","18.15569"
"MAYAGUEZ","-67.00415","18.37601"
"MAYAGUEZ","-67.16659","18.02859"
"CAGUAS","-66.23225","18.15173"
"CAGUAS","-66.10755","18.1943"
"HUMACAO","-65.88013","18.23526"
"HUMACAO","-65.82759","18.18203"
"MAYAGUEZ","-67.07765","18.40246"
"MAYAGUEZ","-66.93959","18.03966"
"BAYAMON","-66.41504","18.30393"
"BAYAMON","-66.34011","18.26875"
"SAN JUAN","-66.09256","18.34729"
"PONCE",,
"ARECIBO","-66.69891","18.40842"
